Wavelength,Lamps-00,Lamps-01,Lamps-02,Lamps-03,Lamps-04,Lamps-05,Lamps-06,Lamps-07,Lamps-08,Lamps-09,Lamps-10,Lamps-11,Lamps-12
300.000000,0.004256,0.374524,0.744576,1.073824,1.427856,1.772882,2.121173,2.474464,2.831861,3.157017,3.514626,3.887738,4.254793
310.000000,0.000997,0.491506,0.964037,1.407372,1.865134,2.317538,2.762102,3.239459,3.701806,4.122758,4.583091,5.083219,5.563786
320.000000,0.003659,0.675158,1.329919,1.926870,2.557764,3.172361,3.786516,4.431757,5.064319,5.637858,6.273506,6.954913,7.601713
330.000000,0.000000,0.954368,1.879667,2.710919,3.604478,4.454700,5.339205,6.224641,7.110969,7.909934,8.796043,9.755199,10.660921
340.000000,0.004296,1.356165,2.648776,3.801489,5.062403,6.258336,7.459813,8.711016,9.956369,11.115540,12.333068,13.665107,14.920863
350.000000,0.001051,1.734273,3.378014,4.848609,6.434637,7.978431,9.483445,11.081096,12.674568,14.120532,15.675027,17.363756,18.954078
360.000000,0.000000,2.302648,4.447630,6.383311,8.471512,10.474084,12.460010,14.584307,16.656977,18.534019,20.581838,22.771581,24.895603
370.000000,0.000883,2.984412,5.748388,8.249553,10.937629,13.520212,16.074830,18.821120,21.458133,23.879568,26.542377,29.368633,32.111488
380.000000,0.001070,3.785872,7.256389,10.398491,13.788098,17.007561,20.230213,23.679584,27.049322,30.103048,33.446207,37.013750,40.460666
390.000000,0.000000,4.717065,9.030192,12.957557,17.142239,21.172481,25.201887,29.444494,33.649034,37.416485,41.601906,46.030646,50.324150
400.000000,0.000000,5.787094,11.079505,15.889840,21.024486,25.974362,30.906352,36.263067,41.300048,45.967712,51.079617,56.484377,61.760418
410.000000,0.000617,6.999449,13.409160,19.252161,25.464232,31.485445,37.461597,43.784022,50.072185,55.750338,61.897883,68.477109,74.948529
420.000000,0.000689,8.319946,15.956278,22.939643,30.324788,37.515414,44.678607,52.178102,59.718599,66.511602,73.798848,81.687366,89.323828
430.000000,0.002883,9.753662,18.757314,26.992734,35.710578,44.180727,52.627969,61.528274,70.345307,78.371794,86.946945,96.556637,105.598921
440.000000,0.000173,11.330566,21.817028,31.424125,41.569529,51.470862,61.318144,71.620212,81.895192,91.587729,101.618495,112.474959,123.019988
450.000000,0.001156,12.999953,25.037969,36.103901,47.779093,59.167665,70.577815,82.345284,94.440514,105.379637,116.892824,129.286489,141.454466
460.000000,0.001059,14.786872,28.489018,41.115449,54.405287,67.392409,80.397685,94.087423,107.526816,119.995440,133.150693,147.301011,161.063824
470.000000,0.000000,16.702320,32.177180,46.460189,61.458115,76.183385,90.980811,106.236034,121.354365,135.509621,150.366534,166.317019,181.895861
480.000000,0.000000,18.715067,36.035188,52.046429,68.875810,85.533470,101.859623,118.974712,135.889355,151.717133,168.417623,186.232903,203.606060
490.000000,0.000000,20.747517,39.924926,57.643794,76.536524,94.879923,112.960411,131.935645,150.653410,168.254226,186.692590,206.431087,225.691326
500.000000,0.000821,22.878900,43.992777,63.539996,84.482200,104.619703,124.517986,145.384257,166.062991,185.529718,205.873012,227.578717,248.759098
510.000000,0.000684,25.091218,48.198659,69.841034,92.530781,114.645890,136.443944,159.292243,181.939152,203.219972,225.574874,249.366221,272.650362
520.000000,0.000229,27.356111,52.494453,76.080837,100.744937,124.844282,148.597063,173.466907,198.119498,221.350512,245.672966,271.370710,296.841855
530.000000,0.001708,29.652911,56.839539,82.416968,109.093509,135.180322,160.909270,187.817918,214.504211,239.766568,265.984086,293.923825,321.335744
540.000000,0.000978,31.980334,61.240375,88.790744,117.536039,145.656000,173.386243,202.327724,231.094785,258.301575,286.548417,316.581012,346.151881
550.000000,0.000000,34.300827,65.812165,95.159591,125.933585,156.061846,185.765745,216.775420,247.572623,276.723100,307.014656,339.087801,370.759261
560.000000,0.000000,36.604078,70.171463,101.477333,134.274287,166.399410,198.103261,231.143886,263.951241,295.036342,327.340776,361.491205,395.226172
570.000000,0.001126,38.939446,74.571644,107.859048,142.715346,176.860791,210.565468,245.660144,280.524555,313.567359,347.870793,384.163979,419.896935
580.000000,0.000000,41.150378,78.757551,113.903039,150.679245,186.744054,222.347362,259.363853,296.170530,331.047000,367.299385,405.580083,443.191152
590.000000,0.000000,43.382961,82.952669,120.004133,158.778895,196.732817,234.271549,273.248395,311.974822,348.767229,386.930230,427.264050,466.777346
600.000000,0.000994,45.582365,87.108451,126.039867,166.744666,206.621709,245.989405,286.970419,327.541802,366.248970,406.298959,448.692027,490.061907
610.000000,0.000065,47.454518,90.522432,130.969567,173.240832,214.805855,255.675474,297.805027,340.148519,380.296536,421.866664,465.328767,509.454447
620.000000,0.000474,49.704314,94.785388,137.179095,181.482299,224.860201,267.702832,312.178234,356.300865,398.392095,441.955541,487.731005,533.074429
630.000000,0.001515,51.794897,98.730177,142.922613,189.048176,234.243689,278.887301,325.182440,371.110070,415.075422,460.412813,508.203094,555.100431
640.000000,0.000485,53.777936,102.458059,148.347687,196.208975,243.146544,289.439744,337.462223,385.129175,430.803984,477.870876,527.412474,575.931626
650.000000,0.000198,55.702924,106.055731,153.573585,203.137241,251.726962,299.659522,349.395253,398.654181,446.033977,494.671887,546.018251,596.015925
660.000000,0.000727,57.552508,109.519793,158.645225,209.828163,260.027418,309.530179,360.851062,411.747438,460.690843,510.903775,563.899813,615.544210
670.000000,0.001306,59.343933,112.878138,163.523656,216.276037,268.002967,319.047692,371.926898,424.370759,474.861836,526.597334,581.151429,634.338379
680.000000,0.000484,61.253339,116.085829,168.184754,222.444855,275.665837,328.163051,382.506090,436.419338,488.366465,541.597855,597.668190,652.134126
690.000000,0.000925,62.750314,118.791289,172.142157,227.680085,282.145914,335.769759,391.388648,446.535683,499.740775,554.173458,611.522602,667.487808
700.000000,0.000801,64.373124,121.798640,176.460303,233.399569,289.255896,344.232644,401.213508,457.700189,512.246642,568.066277,626.718011,684.405686
710.000000,0.000461,65.896286,124.528717,180.406009,238.566597,295.652413,351.834701,410.019188,467.708867,523.483767,580.505572,640.416981,699.144118
720.000000,0.000768,67.215258,126.865216,183.776886,243.045629,301.157488,358.355762,417.593226,476.290838,533.076446,591.083310,651.999040,711.897705
730.000000,0.000390,68.499952,129.122153,186.986677,247.224487,306.347677,364.483727,424.704506,484.356514,542.168970,601.143962,663.218486,723.741549
740.000000,0.001391,69.699254,131.237116,190.007906,251.194925,311.248938,370.329729,431.468094,492.017239,550.757251,610.835737,673.645044,735.063675
750.000000,0.000047,70.325058,132.304800,191.529891,253.177471,313.740814,373.202858,434.781895,495.761029,554.877597,615.421074,678.821255,740.442951
760.000000,0.000374,70.999098,133.480360,193.226189,255.401920,316.500846,376.481931,438.574843,500.046329,559.746308,620.705011,684.658993,746.927411
770.000000,0.000440,71.956968,135.222553,195.745684,258.734299,320.602374,381.346571,444.198390,506.461925,567.047064,628.804730,693.514743,756.260647
780.000000,0.000196,72.891281,136.933237,198.230543,261.988227,324.665143,386.138657,449.773915,512.786721,574.206453,636.747622,702.140257,765.543110
790.000000,0.000402,73.476405,137.975713,199.728303,263.995909,327.150731,389.089847,453.185227,516.674336,578.536513,641.486124,707.436086,771.375691
800.000000,0.000322,73.917814,138.766239,200.903537,265.544984,329.067871,391.379516,455.808774,519.635294,581.820856,645.122031,711.475336,775.778511
810.000000,0.001021,74.224834,139.311876,201.723191,266.630981,330.428638,392.980233,457.679757,521.746422,584.130491,647.700525,714.254224,778.726125
820.000000,0.000994,74.401594,139.628883,202.183272,267.248980,331.209445,393.871080,458.711800,522.919021,585.474576,649.228712,715.804588,780.477421
830.000000,0.002182,74.486673,139.764068,202.380215,267.528074,331.553084,394.268404,459.129991,523.393590,586.217704,649.964269,716.521377,781.282765
840.000000,0.005219,74.558392,139.862095,202.554779,267.761889,331.846696,394.618815,459.477046,523.776344,586.475222,650.480301,717.060950,781.898884
850.000000,0.005591,74.484410,139.691549,202.367457,267.495552,331.504375,394.195041,458.928441,523.136915,586.009524,649.723518,716.275822,780.936324
860.000000,0.008192,74.563541,139.811025,202.521396,267.678612,331.768026,394.478010,459.256731,523.283742,586.401093,650.320217,716.711024,781.636052
870.000000,0.008693,74.382371,139.446048,201.991943,266.999881,330.941537,393.486064,458.015196,521.898600,585.005061,648.491862,714.835092,779.560123
880.000000,0.009030,74.215715,139.120467,201.536042,266.383255,330.197301,392.567662,456.966606,520.928549,583.631960,646.952312,713.316526,777.829914
890.000000,0.008798,73.975888,138.673648,200.923216,265.584708,329.184252,391.400012,455.504828,519.262122,581.819774,645.114605,711.064893,775.546894
900.000000,0.008473,73.566135,137.877171,199.792773,264.083215,327.351066,389.200276,452.911990,516.414197,578.562889,641.491143,707.035480,771.275998
910.000000,0.007787,73.101190,136.989409,198.545048,262.445031,325.348945,386.802182,450.328355,513.361603,575.098990,637.649720,702.794063,766.630561
920.000000,0.006260,72.683622,136.212621,197.450506,260.985718,323.552389,384.651840,447.795648,510.402476,571.873207,634.133796,698.912656,762.479988
930.000000,0.006291,71.620803,134.283366,194.652536,257.327807,319.034244,379.220165,441.744752,503.426450,563.921164,625.560502,688.945476,752.250335
940.000000,0.005036,70.683218,132.590790,192.196666,254.128128,315.091107,374.519354,436.218722,497.184981,556.951157,617.963216,680.180928,743.207567
950.000000,0.005027,70.392090,132.027468,191.417561,253.097964,313.832505,373.037602,434.556233,495.236933,554.774170,615.422959,677.469560,739.920909
960.000000,0.003007,70.033837,131.349550,190.478127,251.836256,312.252231,371.242769,432.307465,492.634675,552.060911,612.160277,674.296585,735.895950
970.000000,0.001923,69.483572,130.317989,189.053853,249.946282,309.931344,368.525621,429.003655,488.868133,547.973178,607.394963,669.311832,730.169414
980.000000,0.001301,68.931970,129.276122,187.614232,248.091010,307.630775,365.829587,425.838519,485.200916,543.964947,603.137165,664.812030,724.813469
990.000000,0.000640,68.381291,128.252048,186.179337,246.200677,305.323121,363.103546,422.615442,481.681609,539.565502,598.683039,659.847321,719.388085
1000.000000,0.000832,67.926749,127.400794,184.966775,244.578489,303.386519,360.770810,419.867910,478.637311,536.563345,594.689057,655.652811,714.969430
1010.000000,0.000571,67.526665,126.633401,183.925327,243.209032,301.687888,358.727644,417.419073,475.780187,533.528108,591.669614,652.038098,711.053283
1020.000000,0.000000,67.152789,125.957880,182.946586,241.871504,300.055655,356.933776,415.498606,472.891512,530.800255,588.643688,648.729792,707.443838
1030.000000,0.000474,66.894309,125.521905,182.328365,241.106126,299.068160,355.729745,413.742884,471.900695,529.443646,586.593436,646.581091,705.103933
1040.000000,0.001461,66.503765,124.648654,181.058421,239.469947,296.952830,353.192865,410.999553,467.904456,524.529755,582.692408,642.214769,701.997285
1050.000000,0.133919,64.954439,121.620195,176.351929,233.589069,289.381842,344.052369,399.885357,456.063694,510.787240,566.161989,623.879695,679.972371
1060.000000,0.009004,64.013766,120.782445,175.110340,231.546445,287.198928,341.385525,396.979679,452.747068,507.097338,561.850018,619.370636,674.542937
1070.000000,0.000000,63.616220,119.703820,173.977258,229.801925,285.012949,338.638444,394.059293,448.770316,503.205815,557.588043,614.352929,669.181887
1080.000000,0.000000,62.890022,118.302377,171.729842,227.194680,281.814535,334.681013,389.425027,443.534217,497.268685,551.097570,607.301609,661.406310
1090.000000,0.012044,62.067370,116.647053,169.720696,224.556359,278.415979,330.893424,384.903319,438.478727,491.610738,544.878306,600.240673,653.510401
1100.000000,0.000000,61.352747,115.140727,167.580215,221.470521,274.727478,326.741777,379.990851,432.671343,485.222826,537.434447,592.266305,645.084869
1110.000000,0.000000,60.214687,112.829535,163.830657,216.538064,268.955351,319.380261,371.685269,423.376225,474.559730,526.026257,579.025719,631.525602
1120.000000,0.097960,57.965839,109.052600,158.350100,209.170414,259.891440,308.787672,359.612720,409.603619,458.832827,509.057019,559.577102,611.378197
1130.000000,0.033646,56.577091,106.426491,154.644667,204.433727,253.890597,301.552920,351.213298,400.114534,448.216108,497.482028,546.590785,597.086427
1140.000000,0.056200,55.471195,104.359429,151.838858,200.809025,249.375375,296.364271,344.934994,392.996575,440.260811,488.603134,536.974135,586.483795
1150.000000,0.151900,54.052817,101.587080,147.859341,195.577604,242.873559,288.635529,335.736022,382.512323,428.837625,475.493907,523.107009,570.779544
1160.000000,0.000000,52.822787,99.606082,145.114894,191.888038,238.353220,283.202912,329.541790,375.340169,421.073094,466.387350,513.326044,559.688189
1170.000000,0.029836,51.578708,97.585582,141.926998,187.798933,233.288249,277.179266,322.349410,367.262932,412.091942,456.406809,502.602411,547.769986
1180.000000,0.078897,50.164870,94.580768,137.847677,182.429061,226.523036,269.145254,313.081461,356.840311,400.161643,443.205575,488.503966,532.248841
1190.000000,0.039130,48.237580,91.368353,133.110954,176.021437,218.521300,259.841732,302.406637,344.440825,386.393545,428.038005,471.391301,514.064478
1200.000000,0.007960,46.964433,88.555232,128.974761,170.950663,212.307106,252.560975,293.600213,334.367335,375.206342,415.623454,458.306488,499.009830
1210.000000,0.109908,46.272468,87.678057,127.593242,168.792699,209.957260,249.595211,290.171928,330.657471,370.896253,410.935763,452.794429,493.527782
1220.000000,0.055755,46.328491,87.358852,127.370578,168.503025,209.650819,248.987560,289.604503,329.979286,370.112171,409.935350,451.896603,492.253144
1230.000000,0.040627,46.144951,86.860550,126.706810,167.661482,208.375630,247.478559,288.015739,328.153044,368.048932,407.853740,449.358051,489.651950
1240.000000,0.033166,45.521709,86.201791,125.579319,166.272357,206.808390,245.669830,285.596358,325.459917,364.866010,404.577932,445.675572,485.446292
1250.000000,0.053326,45.052715,85.422592,124.311873,164.621115,204.499205,243.236593,282.956381,322.302434,361.635670,400.620396,441.556970,480.799534
1260.000000,0.077253,44.660191,84.260211,122.790045,162.688514,202.196125,240.241124,279.439363,318.341137,357.231115,395.726223,435.962086,475.055119
1270.000000,0.022879,44.154067,83.240931,121.371738,160.675314,199.607814,237.023483,275.878101,314.104676,352.570601,390.771074,430.479105,468.841188
1280.000000,0.044724,43.171389,81.933118,119.312421,157.923800,196.202384,233.011091,271.166982,308.865719,346.701228,384.134321,423.145617,461.097354
1290.000000,0.026038,42.462620,80.393750,117.259249,155.356124,192.915841,229.384411,266.691078,303.916684,340.920395,377.654703,416.092131,453.326477
1300.000000,0.127748,41.692396,78.796077,114.894464,152.371338,188.913310,224.944649,261.501903,297.767012,334.207106,370.425819,407.993324,444.378898
1310.000000,0.102530,40.788165,76.957264,112.251996,148.485821,184.688808,219.593633,255.262504,290.992671,326.463476,361.631174,398.528000,433.921981
1320.000000,0.050698,39.554800,74.864467,108.972855,144.580269,179.505238,213.356192,248.089976,282.835610,317.311908,351.652672,387.520649,421.964727
1330.000000,0.000000,38.120793,72.285348,105.315739,139.624025,173.393062,206.087878,239.791823,273.090954,306.504954,339.581873,374.133734,407.641873
1340.000000,0.207450,36.224142,68.387617,100.164427,132.633680,164.852093,196.085246,227.827082,259.840965,291.488331,323.004762,355.813908,387.921467
1350.000000,0.032717,32.655197,61.873480,90.666828,119.716104,149.334340,177.274199,205.912993,235.726126,264.262240,292.318267,321.877181,352.277484
1360.000000,0.053004,28.491403,53.975480,79.448405,105.119421,131.695885,156.019074,180.683740,208.062021,232.459903,257.081719,283.121829,311.617870
1370.000000,0.196295,27.156539,51.224771,75.865646,100.072135,125.166585,148.521220,172.287044,197.965412,221.497934,244.997149,269.865961,296.848636
1380.000000,0.061745,25.709557,48.693157,71.849207,94.845918,118.949200,140.843119,163.563130,187.882795,210.142808,232.302219,256.065004,281.363152
1390.000000,0.037244,23.249701,44.597487,65.623349,86.854068,108.948942,129.008565,149.653669,172.013417,192.464360,212.525480,234.416904,257.386554
1400.000000,0.070161,20.639433,39.791320,58.653510,77.646983,97.216785,115.370557,134.003635,153.509858,172.091417,190.137237,209.420260,229.867673
1410.000000,0.104045,18.530582,35.665366,52.450633,69.681625,87.218043,103.556486,120.415520,137.864284,154.431383,170.803515,188.187096,205.974085
1420.000000,0.046698,16.913138,32.958492,48.641975,64.656401,80.959670,96.235958,112.119075,128.209801,143.817475,159.058076,175.265586,191.757704
1430.000000,0.047732,15.805414,31.024053,45.782636,60.956639,76.211026,90.743619,105.882908,120.947688,135.767090,150.269926,165.700841,181.139942
1440.000000,0.000000,14.969531,29.684217,43.767116,58.476385,73.044739,87.088485,101.423048,115.961539,130.247374,144.361545,159.239044,173.871861
1450.000000,0.007915,14.443648,28.592900,42.469147,56.622367,70.911487,84.522371,98.650714,112.831365,126.679265,140.582720,154.902906,169.093370
1460.000000,0.027428,14.198531,28.149237,41.628960,55.642257,69.705732,83.047685,96.969285,110.811370,124.588346,138.101183,152.283356,166.354405
1470.000000,0.035366,14.163390,28.061127,41.389280,55.269161,69.182792,82.461363,96.396461,110.113691,123.834382,137.347796,151.472113,165.301095
1480.000000,0.000000,14.200330,28.136787,41.650561,55.507897,69.586973,82.947064,96.923936,110.796171,124.547178,138.211396,152.433367,166.343741
1490.000000,0.037602,14.470231,28.542270,42.180079,56.282771,70.291027,83.898949,98.069548,111.930852,125.883586,139.735496,154.047263,168.190517
1500.000000,0.010863,14.704432,28.960657,42.814298,57.136876,71.451679,85.244748,99.586736,113.577937,127.848724,141.898295,156.528424,170.589757
1510.000000,0.000000,15.020523,29.480716,43.491481,58.042828,72.626509,86.701621,101.128395,115.473001,129.813827,144.039209,158.801906,173.344930
1520.000000,0.011411,15.250444,29.848155,44.007447,58.718890,73.385874,87.485558,102.162205,116.634725,131.119439,145.546365,160.503866,175.169606
1530.000000,0.000000,15.334023,30.025342,44.397744,59.094487,73.880072,88.086383,102.774337,117.321800,131.996377,146.458975,161.514533,176.214411
1540.000000,0.000000,15.370189,30.136967,44.460430,59.217194,74.002117,88.239831,103.012796,117.639164,132.215698,146.833771,161.810157,176.592129
1550.000000,0.000000,15.338792,29.984071,44.162356,58.996756,73.684276,87.792234,102.516855,116.937461,131.639330,145.945544,160.972066,175.530159
1560.000000,0.000000,15.188909,29.797594,43.862433,58.474353,73.060835,87.060688,101.546109,116.007786,130.443251,144.744425,159.456261,173.998820
1570.000000,0.021162,15.165412,29.516486,43.496816,57.975070,72.403912,86.252924,100.664614,114.943841,129.301649,143.284971,158.078483,172.380773
1580.000000,0.000000,14.920778,29.230254,43.108976,57.512154,71.823081,85.598086,99.766660,113.982207,128.128680,142.188953,156.684896,170.989822
1590.000000,0.000000,14.892285,29.112901,42.871742,57.150504,71.395668,85.027932,99.200978,113.214270,127.339656,141.252858,155.785739,169.875921
1600.000000,0.000000,14.819729,28.997365,42.678549,56.878332,71.089963,84.667823,98.749510,112.771089,126.704606,140.532922,155.014667,169.060891
1610.000000,0.000000,14.883265,28.949249,42.658169,56.826323,70.956824,84.565103,98.661768,112.567239,126.535644,140.432083,154.774870,168.806844
1620.000000,0.027537,14.818574,28.982083,42.678307,56.831243,70.959344,84.479974,98.595730,112.537688,126.438592,140.359491,154.730425,168.636655
1630.000000,0.000000,14.869241,28.971697,42.658191,56.796798,70.933018,84.497538,98.552610,112.311001,126.297101,140.223711,154.507982,168.576530
1640.000000,0.000451,14.848238,28.912704,42.586403,56.705718,70.790125,84.319323,98.369408,112.252200,126.090589,139.920289,154.225992,168.154628
1650.000000,0.014536,14.821229,28.832259,42.416262,56.411743,70.455275,83.935448,97.935036,111.693842,125.510841,139.216636,153.458012,167.412025
1660.000000,0.000000,14.740431,28.614335,42.098068,56.086741,69.972977,83.330312,97.165304,110.832609,124.574783,138.197339,152.318722,166.099775
1670.000000,0.000000,14.531722,28.238017,41.580017,55.344411,69.057628,82.184923,95.794904,109.198317,122.795666,136.227150,150.126753,163.763257
1680.000000,0.036130,14.140450,27.552019,40.517122,53.958043,67.381707,80.240503,93.520371,106.742230,119.927407,133.059760,146.728125,159.897845
1690.000000,0.000000,13.631942,26.486144,39.066107,52.005776,64.850714,77.281679,90.095935,102.703625,115.488090,128.144149,141.185476,153.941730
1700.000000,0.007327,12.920902,25.239901,37.126631,49.467010,61.820112,73.594834,85.839650,97.833676,110.033839,122.022767,134.574658,146.627051
1710.000000,0.021504,12.332018,24.043067,35.350051,47.141929,58.831057,70.040142,81.720290,93.246300,104.788137,116.219335,128.146959,139.610302
1720.000000,0.000000,11.857041,23.214647,34.194898,45.687544,56.987768,67.850492,79.050609,90.264272,101.347247,112.506432,123.952090,135.087204
1730.000000,0.000000,11.550601,22.706733,33.422801,44.571206,55.643368,66.295633,77.229586,88.043692,99.046846,109.838142,121.069101,131.968549
1740.000000,0.017643,11.343321,22.122719,32.614068,43.463642,54.303169,64.645828,75.433510,86.041702,96.695328,107.242846,118.286600,128.839278
1750.000000,0.000000,10.944296,21.472761,31.655479,42.195579,52.690529,62.779116,73.203557,83.489873,93.829285,104.050847,114.707852,125.020904
1760.000000,0.007436,10.653080,20.847913,30.762858,41.055687,51.302213,61.091575,71.262687,81.322951,91.412315,101.336898,111.698403,121.701108
1770.000000,0.000000,10.345783,20.391797,30.067295,40.132135,50.172455,59.686991,69.630341,79.432419,89.244003,99.011574,109.101961,118.915392
1780.000000,0.000000,10.119439,19.920116,29.385454,39.247459,48.964947,58.399569,68.156890,77.683712,87.399699,96.905007,106.775863,116.311236
1790.000000,0.000000,9.796995,19.432632,28.688369,38.229003,47.717993,56.970610,66.463171,75.721239,85.124868,94.403097,104.078795,113.451938
1800.000000,0.022497,9.554642,18.846392,27.756311,37.107600,46.344077,55.289083,64.488420,73.428971,82.659849,91.574294,101.122762,109.984773
1810.000000,0.022658,9.234544,18.141436,26.760254,35.848063,44.701836,53.371192,62.119290,70.776285,79.710168,88.449573,97.539129,106.096824
1820.000000,0.000000,8.777387,17.337365,25.530121,34.276316,42.737464,51.130166,59.564328,67.756810,76.476815,84.815619,93.490203,101.695077
1830.000000,0.000000,8.438073,16.563576,24.497744,32.773670,40.912726,48.977070,56.997694,64.909618,73.396186,81.265063,89.641443,97.452971
1840.000000,0.000901,8.066773,15.917182,23.454688,31.474068,39.223043,47.051870,54.780349,62.286497,70.482303,78.075338,86.109951,93.558436
1850.000000,0.000000,7.693028,15.293568,22.413562,30.177929,37.552106,45.018170,52.422029,59.694046,67.573514,74.873118,82.578052,89.714365
1860.000000,0.009022,7.207551,14.334930,21.164971,28.408984,35.418968,42.500586,49.538357,56.281009,63.680189,70.557597,77.865029,84.582519
1870.000000,0.016584,6.470570,13.009064,19.175050,25.810466,32.243746,38.648460,45.055631,51.258887,57.984136,64.292371,70.913575,77.003747
1880.000000,0.000000,5.608867,11.437855,16.840105,22.717325,28.365058,34.072626,39.721063,45.172108,51.163626,56.617245,62.492202,67.928974
1890.000000,0.027106,4.596482,9.555690,14.226922,19.241403,24.061754,28.897864,33.731263,38.414191,43.476466,48.137746,53.179875,57.713786
1900.000000,0.044533,3.735822,7.897761,11.806245,15.935538,20.024600,24.059629,28.150684,32.106634,36.296721,40.214944,44.394093,48.216783
1910.000000,0.000000,2.993941,6.505171,9.902411,13.444076,16.911138,20.241357,23.733613,27.090881,30.676258,34.019127,37.592699,40.854685
1920.000000,0.005406,2.557136,5.785369,8.672009,11.860701,14.882133,17.972994,21.066440,24.067149,27.255518,30.240601,33.385357,36.332507
1930.000000,0.017603,2.417029,5.427262,8.220203,11.196358,14.094687,17.036507,19.969531,22.768874,25.846737,28.676132,31.681372,34.544674
1940.000000,0.006013,2.384144,5.278528,8.106204,11.032628,13.937318,16.734758,19.685213,22.453357,25.478274,28.273676,31.254753,34.075068
1950.000000,0.030671,2.339953,5.290033,8.121604,10.979951,13.905163,16.743293,19.598696,22.428394,25.377879,28.173481,31.147542,34.068752
1960.000000,0.000000,2.466071,5.467823,8.256410,11.230992,14.252505,17.103360,20.127200,23.019281,26.010350,28.933528,31.938804,34.977886
1970.000000,0.000000,2.541948,5.692026,8.598593,11.745668,14.710718,17.684225,20.803652,23.809034,26.923594,29.899212,33.116494,36.166715
1980.000000,0.000045,2.706934,5.850986,8.862390,12.130623,15.316893,18.301680,21.572649,24.677140,27.887484,30.951410,34.256710,37.476291
1990.000000,0.037930,2.842567,6.175743,9.235122,12.553112,15.865121,19.035170,22.313056,25.538332,28.898049,32.079470,35.466539,38.732475
2000.000000,0.015363,2.907182,6.376284,9.553434,12.909876,16.364413,19.572480,23.044260,26.318011,29.771577,32.969263,36.515636,39.872027
2010.000000,0.003772,3.101828,6.511936,9.816462,13.302999,16.775387,20.054082,23.600931,26.941611,30.448998,33.851151,37.398476,40.772606
2020.000000,0.037864,3.057078,6.668501,9.905070,13.453137,16.889029,20.249763,23.753328,27.239140,30.703013,34.136791,37.698688,41.168574
2030.000000,0.000000,3.075707,6.588923,9.928383,13.309043,16.850159,20.111520,23.702415,27.074496,30.472234,33.925093,37.431096,40.865331
2040.000000,0.003315,2.935193,6.437729,9.744370,13.024459,16.532665,19.804179,23.199666,26.517746,29.942380,33.306311,36.795136,40.163883
2050.000000,0.000000,2.972601,6.353226,9.390183,12.679855,16.162429,19.191130,22.602265,25.849219,29.187171,32.443402,35.698340,38.997935
2060.000000,0.011374,2.879529,5.986908,9.022373,12.346642,15.571223,18.613309,21.788571,25.002313,28.136865,31.269569,34.561155,37.732186
2070.000000,0.002585,2.739347,5.913567,8.871171,11.922850,15.039316,18.004177,21.243511,24.218602,27.337606,30.411867,33.518001,36.495350
2080.000000,0.000000,2.609701,5.768904,8.589794,11.653560,14.795374,17.618787,20.750686,23.633278,26.740216,29.645231,32.742677,35.776649
2090.000000,0.000000,2.534190,5.670872,8.472568,11.412673,14.547353,17.290677,20.298071,23.227397,26.136691,29.030846,32.113628,34.966845
2100.000000,0.000000,2.552885,5.561809,8.453124,11.393506,14.435338,17.164714,20.178325,22.943692,25.927198,28.747852,31.872052,34.783770
2110.000000,0.024688,2.609335,5.593649,8.413234,11.337436,14.362305,17.198758,20.097162,22.906371,25.961683,28.769467,31.710413,34.660516
2120.000000,0.000000,2.626217,5.554114,8.432234,11.335540,14.390839,17.063848,20.153911,23.003466,25.941924,28.801586,31.842313,34.659269
2130.000000,0.065435,2.657479,5.711103,8.503959,11.469221,14.552135,17.212755,20.318746,23.121130,26.062552,28.996621,32.094822,34.968680
2140.000000,0.000000,2.647282,5.637918,8.541357,11.550432,14.444853,17.323464,20.396884,23.254631,26.163450,29.015044,32.143882,35.043995
2150.000000,0.000000,2.711527,5.659990,8.556065,11.517719,14.668941,17.378574,20.564347,23.333411,26.380884,29.215032,32.224691,35.224509
2160.000000,0.026127,2.624958,5.762604,8.667980,11.642471,14.707813,17.508915,20.578792,23.529579,26.402904,29.355735,32.420427,35.319420
2170.000000,0.041642,2.617148,5.813005,8.614779,11.706243,14.690249,17.534070,20.520263,23.486856,26.384355,29.357090,32.399305,35.360408
2180.000000,0.032328,2.701531,5.841035,8.634068,11.680865,14.696695,17.610285,20.662724,23.402182,26.436687,29.371655,32.396237,35.329294
2190.000000,0.000000,2.780969,5.859412,8.690017,11.623090,14.604117,17.528673,20.488991,23.382384,26.329692,29.234571,32.333588,35.199917
2200.000000,0.027982,2.769186,5.810933,8.678988,11.641878,14.661268,17.488370,20.509350,23.304469,26.301949,29.173022,32.177582,35.108931
2210.000000,0.031504,2.709004,5.811159,8.581909,11.621023,14.558967,17.326325,20.358878,23.222167,26.145584,29.041646,32.018918,34.971636
2220.000000,0.000000,2.696742,5.701901,8.610170,11.554188,14.456009,17.221122,20.225847,23.076007,26.066440,28.901247,31.858186,34.751052
2230.000000,0.039787,2.632896,5.672501,8.430700,11.407956,14.291815,17.089888,19.933750,22.813051,25.767490,28.581040,31.460162,34.401958
2240.000000,0.000000,2.623679,5.524254,8.289297,11.165942,14.043620,16.807536,19.728650,22.475418,25.360888,28.116763,30.896734,33.771154
2250.000000,0.080894,2.497150,5.460961,8.079440,10.928749,13.733555,16.343684,19.204527,21.840232,24.621395,27.350333,30.192900,32.915837
2260.000000,0.000000,2.451854,5.195624,7.641413,10.448219,13.108996,15.603379,18.394127,20.846441,23.591362,26.149235,28.830931,31.520232
2270.000000,0.010631,2.191680,4.772830,7.209276,9.731065,12.292367,14.698118,17.191044,19.578906,22.105095,24.599495,27.087898,29.557822
2280.000000,0.009472,1.941458,4.355825,6.545559,8.847558,11.298079,13.451498,15.855982,18.030710,20.267966,22.660837,24.945922,27.287693
2290.000000,0.062091,1.701075,3.927193,5.943294,8.023141,10.138744,12.161914,14.376237,16.374193,18.428846,20.505402,22.622413,24.705725
2300.000000,0.005035,1.522275,3.605123,5.440607,7.408551,9.360591,11.122777,13.104002,14.950928,16.986026,18.750361,20.770691,22.667280
2310.000000,0.046428,1.359839,3.339524,5.066151,6.918083,8.719097,10.467430,12.376690,14.086137,15.817304,17.649033,19.509362,21.260627
2320.000000,0.105679,1.298969,3.142110,4.879039,6.710272,8.429227,9.984227,11.865991,13.517924,15.283015,16.968095,18.744316,20.487686
2330.000000,0.033736,1.208252,3.106119,4.695505,6.438778,8.275886,9.781757,11.629465,13.213373,14.928144,16.577011,18.343003,20.042913
2340.000000,0.033889,1.315867,3.041353,4.555766,6.217663,8.047597,9.602929,11.353881,12.857598,14.550674,16.262770,17.976352,19.482663
2350.000000,0.047557,1.180745,2.849836,4.421829,6.076304,7.603565,9.198526,10.867538,12.405574,14.021852,15.608858,17.314233,18.891902
2360.000000,0.102788,1.166242,2.844507,4.238003,5.791177,7.379783,8.751324,10.527298,11.992694,13.526478,15.092244,16.636859,18.156728
2370.000000,0.090717,1.041721,2.672840,4.122692,5.610669,7.204077,8.574972,10.103573,11.673719,13.171531,14.593730,16.114273,17.724918
2380.000000,0.144005,1.046650,2.623533,3.969031,5.386125,7.072550,8.336090,9.833008,11.342638,12.752602,14.236640,15.584874,17.091893
2390.000000,0.074020,1.027937,2.479771,3.844521,5.207213,6.630398,8.079271,9.557459,10.973298,12.239765,13.722288,15.185692,16.641252
2400.000000,0.105119,0.958572,2.401176,3.759348,5.070254,6.530732,7.736203,9.258997,10.565132,11.934686,13.311903,14.669092,16.071999
